{"timestamp": 1714023000000, "symbol": "BTCUSDT", "signal": "HOLD", "equity": 1000.0, "reason": "majority vote=HOLD", "votes": {"RSI": "HOLD", "MACD": "HOLD", "ADX": "HOLD", "ATR": "HOLD", "Bollinger": "HOLD"}, "indicators": {"rsi": 50.0, "macd": 0.0, "bollinger": 0.0, "atr": 0.0, "adx": 0.0, "close": 0.0}, "strategy_config": {"indicators": ["rsi", "macd", "adx", "atr", "bollinger"], "trading": {"cooldown": 30, "risk": "medium"}, "oms": {"slippage": 0.001, "fees": 0.001}}, "model_version": "v1"}
{"timestamp": 1714023060000, "symbol": "BTCUSDT", "signal": "HOLD", "equity": 1000.0, "reason": "majority vote=HOLD", "votes": {"RSI": "HOLD", "MACD": "HOLD", "ADX": "HOLD", "ATR": "HOLD", "Bollinger": "HOLD"}, "indicators": {"rsi": 50.0, "macd": 0.0, "bollinger": 0.0, "atr": 0.0, "adx": 0.0, "close": 0.0}, "strategy_config": {"indicators": ["rsi", "macd", "adx", "atr", "bollinger"], "trading": {"cooldown": 30, "risk": "medium"}, "oms": {"slippage": 0.001, "fees": 0.001}}, "model_version": "v1"}
{"timestamp": 1714023120000, "symbol": "BTCUSDT", "signal": "HOLD", "equity": 1000.0, "reason": "majority vote=HOLD", "votes": {"RSI": "HOLD", "MACD": "HOLD", "ADX": "HOLD", "ATR": "HOLD", "Bollinger": "HOLD"}, "indicators": {"rsi": 50.0, "macd": 0.0, "bollinger": 0.0, "atr": 0.0, "adx": 0.0, "close": 0.0}, "strategy_config": {"indicators": ["rsi", "macd", "adx", "atr", "bollinger"], "trading": {"cooldown": 30, "risk": "medium"}, "oms": {"slippage": 0.001, "fees": 0.001}}, "model_version": "v1"}
{"timestamp": 1714023000000, "symbol": "BTCUSDT", "signal": "HOLD", "equity": 1000.0, "reason": "majority vote=HOLD", "votes": {"RSI": "HOLD", "MACD": "HOLD", "ADX": "HOLD", "ATR": "HOLD", "Bollinger": "HOLD"}, "indicators": {"rsi": 50.0, "macd": 0.0, "bollinger": 0.0, "atr": 0.0, "adx": 0.0, "close": 0.0}, "strategy_config": {"indicators": ["rsi", "macd", "adx", "atr", "bollinger"], "trading": {"cooldown": 30, "risk": "medium"}, "oms": {"slippage": 0.001, "fees": 0.001}}, "model_version": "v1"}
{"timestamp": 1714023060000, "symbol": "BTCUSDT", "signal": "HOLD", "equity": 1000.0, "reason": "majority vote=HOLD", "votes": {"RSI": "HOLD", "MACD": "HOLD", "ADX": "HOLD", "ATR": "HOLD", "Bollinger": "HOLD"}, "indicators": {"rsi": 50.0, "macd": 0.0, "bollinger": 0.0, "atr": 0.0, "adx": 0.0, "close": 0.0}, "strategy_config": {"indicators": ["rsi", "macd", "adx", "atr", "bollinger"], "trading": {"cooldown": 30, "risk": "medium"}, "oms": {"slippage": 0.001, "fees": 0.001}}, "model_version": "v1"}
{"timestamp": 1714023120000, "symbol": "BTCUSDT", "signal": "HOLD", "equity": 1000.0, "reason": "majority vote=HOLD", "votes": {"RSI": "HOLD", "MACD": "HOLD", "ADX": "HOLD", "ATR": "HOLD", "Bollinger": "HOLD"}, "indicators": {"rsi": 50.0, "macd": 0.0, "bollinger": 0.0, "atr": 0.0, "adx": 0.0, "close": 0.0}, "strategy_config": {"indicators": ["rsi", "macd", "adx", "atr", "bollinger"], "trading": {"cooldown": 30, "risk": "medium"}, "oms": {"slippage": 0.001, "fees": 0.001}}, "model_version": "v1"}
